                                                  FLY,,
                                                                        17.04.26,,
Літо-Всесезонні Шини,,
Столбец1,Столбец3,Столбец4
Radius 13,0,
175/70 R13 82T Atlander LanderXsport ATL33 (ck) (шт.),"32,01",2
Radius 14,0,
165/65 R14 79T Viking City-Tech II  (ck) (шт.),"38,8",4
175/65 R14 82T Barum Bravuris 5HM (ck) (шт.),"41,71",2
175/70 R14 84H Starmaxx Novaro ST532 (ck) (шт.),"38,8",4
185 R14C 102/100R Sunfull SF-05 (vit) (шт.),"53,35",2
185/60 R14 82H Triangle TE301 (ck) (шт.),"35,89",2
185/65 R14 86H  Headway Horace HH306 (vit) (шт.),"32,98",4
185/65 R14 86H Orium Touring (ck) (шт.),"43,65",4
Radius 15,0,
155/60 R15 74T RoadX RXMotion Performa DH51 (ck) (шт.),"35,89",6
175/55 R15 77H Kingrun Ecostar T150 (ck) (шт.),"33,95",2
185/65 R15 92T CrossWind Comfort Peak (vit) (шт.),"41,71",8
195/50 R15 82V RoadX RXMotion Performa DH51 (ck) (шт.),"35,89",6
195/55 R15 85V Mirage MR-166 (ck) (шт.),"40,74",2
195/60 R15 88H Mirage MR-166 (ck) (шт.),"41,71",2
195/65 R15 91H Roadstone Classe Premiere CP 672 (vit) (шт.),"48,5",4
195/65 R15 91H Viking ProTech NewGen (ck) (шт.),"51,41",6
195/65 R15 91V WestLake ZuperEco Z-107  (ck) (шт.),"37,83",4
195/65 R15 95H Orium High Performance (ck) (шт.),"48,5",4
195/70 R15C 104/102R Sunfull SF-05 (vit) (шт.),"51,41",2
195/70 R15C 104/102S Atlander LanderVan ATL18 (ck) (шт.),"55,29",4
205/65 R15 94V WestLake ZuperEco Z-107  (ck) (шт.),"43,65",6
205/70 R15 96H WestLake ZuperEco Z-107 (ck) (шт.),"48,5",4
225/70 R15C 112/110R Lassa Transway 2 (ck) (шт.),"96,03",4
225/70 R15C 112/110R Lassa Transway A/T (vit) (шт.),97,2
225/70 R15C 112/110S Atlander Lander Van ATL18 (vit) (шт.),"64,02",4
235/75 R15 109S Sunfull Mont-Pro AT782 (vit) (шт.),"77,6",4
"31/10,5 R15 109Q SunFull Mont-Pro MT781 (vit) (шт.)","87,3",4
"31/10,5 R15 109R SunFull Mont-Pro AT782 (vit) (шт.)","82,45",4
33/12.5 R15 108Q SunFull Mont-Pro MT781 (pd) (шт.),"121,25",4
Radius 16,0,
185/75 R16C 104/102R Sunfull SF-05 (vit) (шт.),"58,2",4
185/75 R16C 104/102R Sunfull SF-11 (vit) (шт.),"56,26",4
195/75 R16C 107/105R Sunfull SF-05 (vit) (шт.),"60,14",2
205/50 R16 87V Orium High Performance (ck) (шт.),"58,2",4
205/55 R16 91V Dunlop SP Sport LM703 (vit) (шт.),"48,5",1
205/55 R16 91V Roadstone Classe Premiere CP672 (ck) (шт.),"50,44",6
205/60 R16 92H Roadstone Classe Premiere CP672 (ck) (шт.),"58,2",4
205/60 R16 92V WestLake ZuperEco Z-107 (ck) (шт.),"43,65",8
205/65 R16 95H Powertrac Adamas H/P (ck) (шт.),"53,35",8
205/75 R16C 113/111Q Lassa Transway A/T (ck) (шт.),"104,76",6
215/55 R16 93V Viking ProTech NewGen (ck) (шт.),"77,6",1
215/60 R16 95V Starmaxx Naturen ST542 (4ck) (шт.),"58,2",4
215/60 R16 99V Atlander LanderXsport ATL33 (ck) (шт.),"50,44",4
215/60 R16 99V Orium High Performance (ck) (шт.),"67,9",2
215/60 R16 99V WestLake ZuperEco Z-107 (ck) (шт.),"47,53",4
215/65 R16 106/104Q Gepard Raptor MT(наварка) (vit) (шт.),"80,51",4
215/65 R16 98T Powertrac WildRanger A/T (ck) (шт.),"77,6",4
215/65 R16 98V WestLake ZuperEco Z-107  (ck) (шт.),"48,5",10
215/65 R16C 109/107T Lassa Transway 3 (vit) (шт.),"95,06",8
215/65 R16C 109/107T Mirage MR200 (ck) (шт.),"63,05",2
215/65 R16C 109/107T Nordexx NC1100 VAN (vit) (шт.),"63,05",2
215/65 R16C 109/107T Orium CargoSpeed Evo (vit) (шт.),"82,45",4
215/70 R16 100H Atlander Roverstar H/T (pd) (шт.),"63,05",4
225/55 R16 99W Altenzo Sport Comforter+ (ck) (шт.),"63,05",4
225/65 R16C 112/110R Lassa Multiways-C (pd) (шт.),"106,7",2
225/65 R16C 112/110T Lassa Transway 3 (ck) (шт.),"107,67",8
225/65 R16C 112/110T Mirage MR-200 (vit) (шт.),"62,08",4
225/75 R16 120/116R Gepard Big Rock (наварка) (vit) (шт.),"82,45",4
235/65 R16C 115/113R Nordexx NC1100 VAN (vit) (шт.),"67,9",4
235/65 R16C 121/119N Lassa Transway (DEMO)  (vit) (шт.),"87,3",1
235/65 R16C 121/119R Lassa Transway 3+ (vit) (шт.),"121,25",4
235/65 R16C 121/119R Starmaxx Provan ST850 Plus  (vit) (шт.),"90,21",2
235/65 R16C 121/119R Starmaxx Provan ST860  (vit) (шт.),"96,03",4
245/70 R16 107T Sunfull Mont-Pro AT786 (pd) (шт.),"75,66",4
245/70 R16 107T Sunfull Mont-Pro AT786 (vit) (шт.),"75,66",4
245/70 R16 115/113R Gepard Raptor MT(наварка) (vit) (шт.),"85,36",8
245/75 R16 111S Sunfull Mont-Pro AT782 (vit) (шт.),"77,6",4
265/70 R16 112T Sunfull Mont-Pro AT786 (pd) (шт.),"77,6",4
265/75 R16 116S Goodride RADIAL SL369 A/T (pd) (шт.),"90,21",4
265/75 R16 123/120Q Goodride Radial M/T SL366 (pd) (шт.),"106,7",4
265/75 R16 123Q Mirage MR-MT172 (pd) (шт.),"121,25",4
Radius 17,0,
205/45 R17 88W Mirage MR-182 (ck) (шт.),"48,5",2
205/45 R17 88W RoadX RXMotion U11 (ck) (шт.),"48,5",4
205/55 R17 95V Orium Ultra High Performance (ck) (шт.),"62,08",8
205/55 R17 95W Nordexx NS9000 FR (ck) (шт.),"43,65",1
215/50 R17 95W Orium Ultra High Performance (ck) (шт.),"67,9",8
215/50 R17 95W WestLake ZuperEco Z-107 (ck) (шт.),"47,53",4
215/55 R17 94W Roadstone NFera AU5 (vit) (шт.),"67,9",4
215/55 R17 94Y Viking ProTech NewGen (ck) (шт.),"92,15",4
215/55 R17 98W Atlander LanderAllseason ATL55 (ck) (шт.),"58,2",2
215/55 R17 98W Orium Ultra High Performance (ck) (шт.),"69,84",8
215/55 R17 98W RoadX RXMotion Performa DH51 (ck) (шт.),"53,35",4
215/55 R17 98W WestLake ZuperEco Z-107 (ck) (шт.),"50,44",12
215/60 R17 96H Mirage MR-HP172 (ck) (шт.),"53,35",4
215/60 R17 96H Orium Ultra High Performance (ck) (шт.),"67,9",12
225/45 R17 94W Roadstone NFera AU5 (ck) (шт.),"63,05",1
225/50 R17 98Y Lassa Revola (ck) (шт.),"92,15",6
225/50 R17 98Y Viking ProTech NewGen (ck) (шт.),"77,6",4
225/55 R17 101W Nordexx NS9000 (ck) (шт.),"58,2",2
225/55 R17 101W WestLake ZuperEco Z-107 (ck) (шт.),"56,26",4
225/55 R17 97H  Roadstone Classe Premiere CP672 (vit) (шт.),"67,9",4
225/65 R17 100H Roadstone Roadian HT SUV (pd) (шт.),"82,45",2
225/65 R17 102H  Sunfull SF-983 AS (pd) (шт.),"67,9",4
225/65 R17 102H Mirage MR-HT172 (ck) (шт.),"61,11",4
225/65 R17 102H Roadstone N'Fera RU1 (pd) (шт.),"88,27",10
225/65 R17 106V Westlake SU318 H/T (pd) (шт.),"64,99",4
225/65 R17 107/103S Roadcruza RA1100 A/T (ck) (шт.),"92,15",4
235/45 R17 97W Altenzo Sports Comforter+ (ck) (шт.),"63,05",6
235/55 R17 103W Orium Ultra High Performance (vit) (шт.),"75,66",4
235/55 R17 103W Sunfull SF-888 (ck) (шт.),"63,05",4
235/65 R17 104R Gepard Rock 4x4 (наварка) (vit) (шт.),"87,3",4
235/65 R17 108V WestLake ZuperEco Z-107 (pd) (шт.),"67,9",4
245/45 R17 99W GoodRide All Seasons Elite Z-401 (ck) (шт.),"61,11",4
245/45 R17 99W Orium High Performance (ck) (шт.),"67,9",4
245/65 R17 111T Powertrac WildRanger A/T (pd) (шт.),97,1
245/70 R17 110S Bridgestone Dueler H/T 684 II (DEMO) (pd) (шт.),"77,6",1
255/60 R17 106V Roadstone NFera RU1 (pd) (шт.),97,2
265/65 R17 112H Roadstone Roadian HTX RH5 (pd) (шт.),"116,4",8
265/65 R17 112H Sunfull Mont-Pro HT782 (DEMO) (vit) (шт.),"72,75",2
265/65 R17 112S Powertrac WildRanger A/T (pd) (шт.),"106,7",4
265/65 R17 112S Powertrac WildRanger A/T (vit) (шт.),"106,7",4
265/70 R17 115T Powertrac WildRanger A/T (pd) (шт.),"113,49",4
285/65 R17 116S Atlander Roverstar A/T I (pd) (шт.),97,4
Radius 18,0,
215/55 R18 99V Atlander AX-88 (vit) (шт.),"55,29",4
215/55 R18 99V Orium Ultra High Performance (ck) (шт.),"70,81",8
225/40 ZR18 92Y CrossWind Sport Peak (vit) (шт.),"61,11",2
225/50 R18 99Y RoadXRX Quest SU01 (ck) (шт.),"60,14",4
225/55 R18 98H Kumho Eco Solus KL21 (ck) (шт.),"72,75",1
225/55 R18 98V Sunful Mont-Pro HP881 (ck) (шт.),"61,11",4
225/55 R18 98V WestLake ZuperEco Z-107 (ck) (шт.),"65,96",4
225/60 R18 100H WestLake ZuperEco Z-107 (pd) (шт.),"63,05",12
235/45 R18 98W Powertrac Cityracing (ck) (шт.),"58,2",2
235/45 R18 98W WestLake ZuperEco Z-107 (ck) (шт.),"56,26",8
235/45 R18 98Y Gislaved Ultra Speed 2 (ck) (шт.),97,8
235/50 R18 97V GoodYear Exellense (ck) (шт.),"48,5",1
235/50 R18 97V Viking ProTech NewGen (ck) (шт.),"101,85",4
235/55 R18 100V Orium Ultra High Performance (ck) (шт.),"89,24",8
235/55 R18 100V Roadstone N'Fera RU1 (pd) (шт.),"87,3",4
235/55 R18 100V Sunfull Mont-Pro HP881 (ck) (шт.),"63,05",4
235/60 R18 103V Roadstone N'Fera RU1 (pd) (шт.),97,8
235/60 R18 103V WestLake ZuperEco Z-107 (pd) (шт.),"67,9",4
235/60 R18 107V Mirage MR-HP172 (pd) (шт.),"67,9",4
245/40 ZR18 97Y CrossWind Sport Peak (ck) (шт.),"74,69",4
245/45 R18 100W Starmaxx Ultrasport ST760 (ck) (шт.),"80,51",8
245/45 R18 100W West Lake Z107 (ck) (шт.),"58,2",8
245/45 R18 100Y Viking ProTech NewGen (ck) (шт.),97,4
245/50 R18 100W Goodride Sport SA-37 (ck) (шт.),"72,75",4
245/50 R18 104V RoadX RXMotion U11 (ck) (шт.),"72,75",4
255/40 R18 99Y Viking ProTech NewGen (ck) (шт.),"77,6",8
255/45 R18 103Y Orium Ultra High Performance (ck) (шт.),"87,3",4
255/45 R18 103Y Viking ProTech NewGen (ck) (шт.),97,4
255/45 R18 99W Goodride Sport SA-37 (ck) (шт.),"72,75",4
255/60 R18 112V Goodride ZuperEco Z-107 (pd) (шт.),"72,75",8
265/60 R18 110H Atlander Roverstar H/T (pd) (шт.),"87,3",8
265/60 R18 110H Roadstone Roadian HTX RH5 (pd) (шт.),"114,46",4
265/60 R18 110H Starmaxx Incurro H/T ST450 (pd) (шт.),97,2
265/60 R18 110H WestLake SA57 (pd) (шт.),"87,3",4
265/60 R18 114H Powertrac WildRanger A/T (vit) (шт.),"130,95",4
275/65 R18 116T Roadmarch Primemax A/T II (vit) (шт.),97,4
285/35 R18 99Y Toyo Proxes T1R (ck) (шт.),"116,4",2
285/60 R18 120V Altenzo Sports Navigator (vit) (шт.),97,1
285/65 R18 125/122S Roadcruza RA1100 A/T (vit) (шт.),"169,75",4
Radius 19,0,
225/45 R19 96W Starmaxx Ultrasport ST760 (ck) (шт.),"72,75",2
225/45 R19 96W WestLake ZuperEco Z-107 (ck) (шт.),"53,35",4
235/35 R19 91Y Orium Ultra High Performance (ck) (шт.),"77,6",4
235/50 R19 103W Starmaxx Incurro H/T ST450 (ck) (шт.),"82,45",4
235/50 R19 99V Michelin Latitude Sport 3 (ck) (шт.),"145,5",4
235/55 R19 101W RoadX RXQuest SU01 (pd) (шт.),"77,6",4
235/55 R19 105V Continental EcoContact 6 (pd) (шт.),"145,5",4
235/55 R19 105V Mirage MR-HP172 (pd) (шт.),"63,05",2
235/55 R19 105V West Lake Z107 (ck) (шт.),"69,84",6
245/45 R19 102W Kingrun Phantom K3000 (ck) (шт.),"72,75",2
245/45 R19 102W RoadX RXMotion U11 RunFlat (ck) (шт.),97,2
245/45 R19 102Y Atlander LanderXsport ATL36 (ck) (шт.),"70,81",4
245/45 R19 98Y Westlake ZuperAce Z-007 (ck) (шт.),"74,69",4
245/45 ZR19 102Y  Roadstone N'Fera SU1 (ck) (шт.),"106,7",2
245/50 R19 105W WestLake Zuper Ace Z-007 (pd) (шт.),"77,6",4
255/35 R19 96Y Altenzo Sports Comforter+ (ck) (шт.),"72,75",4
255/40 R19 100Y Orium Ultra High Performance (ck) (шт.),"90,21",4
255/40 R19 100Y Viking ProTech NewGen FR (ck) (шт.),"111,55",4
255/45 R19 100V Landsail LS588 UHP (ck) (шт.),"77,6",4
255/45 R19 100Y Yokohama Advan Sport V105S (ck) (шт.),"145,5",4
255/45 R19 104Y Falken Azenis FK-510 (ck) (шт.),"126,1",8
255/50 R19 107W Powertrac EcoSport X77 (pd) (шт.),"87,3",2
255/50 R19 107Y Atlander LanderXsport ATL36 (pd) (шт.),"77,6",2
255/50 R19 107Y Gislaved Ultra*Speed 2 (pd) (шт.),"106,7",4
255/55 R19 111H Roadcruza RA1100 A/T (pd) (шт.),"111,55",4
255/55 R19 111V Roadstone N`Fera RU1 (pd) (шт.),"101,85",8
275/40 R19 101Y RoadX RXMotion U11 RunFlat (ck) (шт.),97,2
275/40 R19 105Y Westlake ZuperAce Z-007 (ck) (шт.),"87,3",4
275/40 ZR19 105Y  Roadstone N'Fera AU5 (ck) (шт.),97,4
285/45 R19 111Y Powertrac EcoSport X77 (pd) (шт.),"92,15",2
Radius 20,0,
235/45 R20 100Y WestLake ZuperAce Z-007 (ck) (шт.),"77,6",8
235/55 R20 105W WestLake Sport SA37 (pd) (шт.),"82,45",4
245/35 R20 96Y Matador MP 47 Hectorra 3 (ck) (шт.),"87,3",2
245/40 R20 99W Goodride Sport SA-37 (pd) (шт.),"77,6",4
245/40 R20 99Y RoadX RXMotion U11 RunFlat (ck) (шт.),"82,45",2
245/45 R20 103W Altenzo Sports Comforter+ (pd) (шт.),"82,45",2
245/50 R20 102W  WestLake SA37 (pd) (шт.),"82,45",8
255/35 R20 97Y Roadstone NFera SU1 (pd) (шт.),97,2
255/40 R20 101Y Triangle EffeXSport TH202 (ck) (шт.),97,4
255/45 R20 105V  WestLake SA57 (ck) (шт.),"87,3",4
255/45 R20 105W  WestLake SA37 (ck) (шт.),"80,51",4
255/45 ZR20 105Y Crosswind Sport Peak C/S (ck) (шт.),"106,7",4
255/50 R20 109V  Sonix L-Zeal 56 (pd) (шт.),"92,15",4
255/55 R20 110W  Westlake ZuperAce Z-007 (pd) (шт.),"90,21",4
255/55 R20 110W Goodride Solmax 1 (pd) (шт.),"87,3",4
265/40 R20 104Y Vredestein Ultrac Vorti+ (pd) (шт.),"203,7",2
265/45 R20 108Y Barum Bravuris 5HM (pd) (шт.),"145,5",2
265/50 R20 111V Sunfull Mont-Pro HP881 (pd) (шт.),"84,39",4
265/50 R20 111W Habilead RS26 PracticalMax H/P (pd) (шт.),"92,15",4
265/50 R20 111W Powertrac Racing Pro (pd) (шт.),"92,15",4
275/35 R20 102Y RoadX RXMotion U11 RunFlat (ck) (шт.),97,2
275/40 R20 106W Powertrac Racing Pro (pd) (шт.),"82,45",2
275/45 R20 110V WestLake SA57 (pd) (шт.),"92,15",4
275/50 R20 109W Goodride Sport SA-37 (pd) (шт.),"92,15",4
275/50 R20 113 V Altenzo Sports Navigator II (pd) (шт.),97,8
275/55 R20 117T Powertrac PowerLander A/T (pd) (шт.),"92,15",4
275/60 R20 115 V Altenzo Sports Navigator (pd) (шт.),97,4
275/60 R20 119T Powertrac WildRanger A/T (pd) (шт.),"135,8",4
285/45 R20 112Y Triangle EffeXSport TH202 (pd) (шт.),"106,7",8
285/50 R20 116 V Altenzo Sports Navigator (pd) (шт.),"106,7",2
285/50 R20 116W Triangle AdvanteX SUV TR259 (pd) (шт.),"121,25",4
295/30 R20 101Y Toyo Proxes-4 Plus (ck) (шт.),"145,5",4
295/35 R20 105Y Vredestein Ultrac Vorti+ (pd) (шт.),194,2
305/30 R20 103Y Michelin Pilot Sport Cup 2 (pd) (шт.),"174,6",2
315/35 R20 110Y Powertrac Racing Pro (pd) (шт.),"101,85",2
33/12.5 R20 114Q Goodride Radial M/T SL366  (vit) (шт.),"145,5",4
Radius 21,0,
255/35 R21 101W Habilead e-Rassurer E300 (pd) (шт.),97,4
275/35 R21 105W Habilead e-Rassurer E300 (pd) (шт.),"111,55",4
275/40 R21 107W RoadX RXQuest Sport SUV (pd) (шт.),"101,85",4
275/45 R21 110W RoadX RXQuest Sport SUV (pd) (шт.),"106,7",4
275/45 R21 110Y Altenzo Sports Navigator  (pd) (шт.),97,4
275/45 R21 110Y WestLake Sport SA-37 (pd) (шт.),97,4
275/50 R21 113W Altenzo Sports Navigator  (pd) (шт.),97,8
285/35 R21 105Y Habilead Practical Max H/P RS26 (pd) (шт.),97,4
285/40 R21 109Y Yokohama Advan Sport V105T (pd) (шт.),"237,65",4
295/35 R21 107Y Michelin Pilot Sport 4S*  XL FR (pd) (шт.),"376,36",2
315/40 R21 111Y WestLake Sport SA-37 (pd) (шт.),"106,7",4
325/30 R21 108W Habilead Practical Max H/P RS26 (pd) (шт.),"106,7",4
Radius 22,0,
265/50R22 112H Bridgestone Dueler H/T 685 б/у   (vit) (шт.),"77,6",1
275/40 R22 107W RoadX RXQuest Sport SUV (pd) (шт.),"111,55",16
315/30 R22 107Y Michelin Pilot Sport 4S*  XL FR (pd) (шт.),"570,36",2
Radius 23,0,
295/35 R23 108Y Michelin Pilot Sport 4 SUV (vit) (шт.),"440,38",2
,0,
,0,
Зимні Шини,0,
Radius 13,0,
155/70 R13 75T  Sunfull SF-982 (ck) (шт.),"29,1",2
Radius 14,0,
155/65 R14 75T Sunfull SF-982 (ck) (шт.),"29,1",4
185/60 R14 82H Atlander Snow55 (ck) (шт.),"38,8",4
Radius 15,0,
195/55 R15 85H Orium Winter (сk) (шт.),"50,44",2
195/65 R15 91Q Roadstone Winguard Ice (ck) (шт.),"53,35",2
215/70 R15C 109/107R Sunfull SF-W05 (ck) (шт.),"63,05",4
Radius 16,0,
195/55 R16 87H Orium Winter (ck) (шт.),"63,05",4
205/55 R16 91H WestLake SW608 (vit) (шт.),"43,65",4
205/55 R16 94T Roadstone Winguard WinSpike (ck) (шт.),"53,35",4
205/65 R16C 107/105R Headway HW509 (vit) (шт.),"58,2",4
205/75 R16C 110/108R Kleber Trans Alp 2 (ck) (шт.),97,2
215/55 R16 97T Haida HD 687 (ck) (шт.),"58,2",2
215/60 R16 99H Sunfull SF-982 (ck) (шт.),"56,26",4
225/75 R16C  121/120R Headway HW509 (vit) (шт.),"70,81",4
235/65 R16C 115/113R Starmaxx Prowin ST960 (vit) (шт.),"87,3",1
245/75 R16 120/116S SunFull Mont-Pro W781 (pd) (шт.),"104,76",4
275/70 R16 114T Sunfull SF-W11 (pd) (шт.),97,4
Radius 17,0,
205/50 R17 93V Orium Winter (ck) (шт.),"58,2",4
215/55 R17 94Q Roadstone WinGuard Ice  (ck) (шт.),"83,42",4
225/55 R17 101T Roadstone WinGuard ice Plus WH43 (ck) (шт.),"84,39",4
235/65 R17 108H WestLake SW608 Snowmaster (pd) (шт.),"70,81",1
265/65 R17 112T Atlander Winter AX38 (pd) (шт.),"87,3",4
Radius 18,0,
215/55 R18 95T Atlander LanderStuds ATL78 (ck) (шт.),"69,84",4
225/50R18 95H Sunfull Mont-Pro WP882 (ck) (шт.),"72,75",3
225/60 R18 100H Sunfull Mont-Pro WP882 (pd) (шт.),"67,9",4
225/60 R18 104V Dunlop Winter Sport 5 SUV (pd) (шт.),"145,5",4
225/60R18 104T Haida HD 687 (pd) (шт.),"67,9",4
235/50 R18 97T Roadstone WinGuard ice Plus WH43 (ck) (шт.),"106,7",4
235/60 R18 103Q Roadstone Winguard Ice SUV (pd) (шт.),"130,95",1
235/60 R18 107V  Warrior Wasp-Plus (pd) (шт.),"72,75",8
245/45 R18 100V Gislaved Euro Frost 6 (ck) (шт.),"99,91",4
265/60 R18 110R Bridgestone Blizzak DM-V3 (pd) (шт.),"198,85",4
Radius 19,0,
155/70 R19 88TT Fulda Kristall Control HP2 (ck) (шт.),"111,55",4
225/45 R19 96V Triangle Snowlink PL02 (ck) (шт.),"80,51",4
235/40 R19 96T Goodyear UltraGrip Ice 2 + (ck) (шт.),"189,15",4
235/45 R19 99V Triangle Snowlink PL02 (ck) (шт.),97,4
245/45 R19 102T Roadstone Winguard Ice Plus WH43 (ck) (шт.),"145,5",8
245/45 R19 98H  Wanli WINTERcross SW312 (vit) (шт.),"87,3",2
245/55 R19 103T Atlander Winter AX38 (pd) (шт.),"77,6",1
255/35 R19 96V Triangle Snowlink PL02 (vit) (шт.),"92,15",2
275/40 R19 101H  Wanli WINTERcross SW312 (vit) (шт.),"87,3",2
Radius 20,0,
255/35 R20 97W Davanti Wintoura+(DEMO) (ck) (шт.),"77,6",3
255/50 R20 109V Nokian Snowproof 2 SUV (DEMO) (шт.),"126,1",4
275/40 R20 102T Atlander LanderStuds ATL78 (pd) (шт.),97,2
285/50 R20 116T Roadstone Winguard Ice SUV (pd) (шт.),"140,65",2
315/35 R20 106T Atlander LanderStuds ATL78 (pd) (шт.),"106,7",2
Radius 21,0,
275/45 R21 110Q Yokohama Ice Guard G0-75 (pd) (шт.),"213,4",3
295/35 R21 107H Sonix Winter Xpro 999 (pd) (шт.),97,4
,,
Мото,,
190/55 ZR17 75W Michelin Pilot Power 2CT (шт.),205,1